method,shots,episode_idx,seed,eval_seed,task_id,final_mse,total_info_gain,decision_ms_mean,decision_ms_p95,smc_update_ms_mean,smc_update_ms_p95,step_total_ms_mean,step_total_ms_p95,crlb_theta_mse,mse_crlb_ratio,actions,true_theta,train_seed,checkpoint_path,checkpoint_config_hash,checkpoint_selection_metric,best_validation_mse,validation_task_bank_path,config_hash,device,hardware,train_wallclock_sec,reward_mode,behavior_clone_checkpoint,task_bank_path,policy_params
random,128,0,777,777,0,0.09418950229883194,47.202911376953125,0.2127651726671805,0.019321247236803174,7182.672351605207,7264.7679985675495,7183.3418465297045,7265.22920106072,,,163 109 63 68 17 108 81 173 57 35 56 60 62 102 75 97 89 132 9 77 170 10 110 29 113 136 92 122 95 126 75 18 6 8 73 167,1.1110939 0.88281661 1.1000705 1.4635578 0.69616258 0.83704144 1.068475 1.0395921 1.2360485 0.9308188 0.55752689 0.9543761 1.0455071 1.4262131 1.364445 1.0743268 0.78317434 1.0847412 0.61097312 1.4160893 0.56432277 1.1383026 1.422307,,,,,,,3621eb26b949,cpu,cpu:x86_64,,,,runs/scaling/n12/task_bank.npz,"{""n_actions"": 180, ""name"": ""random""}"
random,128,1,777,777,1,0.1029769629240036,57.16353225708008,0.01625415946667393,0.017315469449386,7205.615204574618,7282.759466004791,7206.065657513035,7283.203225786565,,,107 75 78 6 48 39 45 88 148 58 110 18 159 148 116 23 1 36 92 30 44 160 36 132 105 140 32 13 176 23 8 29 96 55 177 24,0.66605842 1.2574067 1.1799386 1.201529 0.60526031 0.54641145 1.431906 0.92167938 0.53384548 0.71983069 0.98979658 1.1685443 1.275279 1.2924527 0.84289551 0.74620408 1.0495571 0.91283429 1.0617067 0.81851733 1.3712348 1.0810651 0.70300549,,,,,,,3621eb26b949,cpu,cpu:x86_64,,,,runs/scaling/n12/task_bank.npz,"{""n_actions"": 180, ""name"": ""random""}"
random,128,2,777,777,2,0.1785793900489807,58.7349967956543,0.016079487977549434,0.01736794365569949,6977.695299846043,7253.02906849538,6978.1437545801355,7253.480414568912,,,65 28 141 7 17 62 155 20 170 27 20 136 26 41 31 83 20 124 51 125 44 152 58 153 124 73 176 57 132 162 149 12 78 144 50 139,0.82313424 0.60323358 1.3265618 0.62799102 0.7000187 0.67006999 1.3920144 1.2386929 1.2779019 0.57438517 0.63205171 0.75209415 1.1043887 1.3783271 0.78503132 1.4511695 0.56153733 1.2679998 1.4016755 0.85180449 0.9108212 0.7359215 0.82992244,,,,,,,3621eb26b949,cpu,cpu:x86_64,,,,runs/scaling/n12/task_bank.npz,"{""n_actions"": 180, ""name"": ""random""}"
random,128,3,777,777,3,0.10828258842229843,46.197628021240234,0.01619080042776962,0.01735548721626401,7167.32015924774,7238.149911514483,7167.771004108039,7238.592881767545,,,140 161 52 128 144 136 150 148 4 132 107 115 143 80 106 145 115 80 155 63 108 71 41 98 151 177 2 10 159 8 136 11 136 38 110 94,0.66426176 0.81101805 0.63377964 0.65775639 0.54327953 0.84943187 0.61126852 0.65504944 1.2594967 0.72816622 0.96273756 1.384878 0.85069042 0.58027136 1.0350686 1.2204939 0.7956661 1.0674371 1.3201362 1.0109261 1.1542318 1.2488678 1.1434819,,,,,,,3621eb26b949,cpu,cpu:x86_64,,,,runs/scaling/n12/task_bank.npz,"{""n_actions"": 180, ""name"": ""random""}"
random,128,4,777,777,4,0.16537317633628845,53.40904998779297,0.015720673319366243,0.016696780221536756,6975.724751724758,7256.137045827927,6976.170271964899,7256.580203189515,,,165 41 119 40 138 154 174 51 7 130 135 139 29 76 26 4 151 58 175 114 96 85 67 176 38 51 15 19 96 17 17 86 16 54 97 4,1.1913999 1.194694 1.3484299 1.3531257 0.90966696 0.82061386 1.4033148 0.57098156 1.3051636 1.2730229 1.395169 1.4747119 1.4993581 1.413041 1.3295854 1.0783986 0.64983279 1.3087575 1.3692344 1.0246998 1.118353 1.0236269 1.4241014,,,,,,,3621eb26b949,cpu,cpu:x86_64,,,,runs/scaling/n12/task_bank.npz,"{""n_actions"": 180, ""name"": ""random""}"
random,128,5,777,777,5,0.09655039012432098,65.10579681396484,0.015891832946282294,0.017299724277108908,7198.9399346995115,7263.3900689543225,7199.386401971828,7263.828110008035,,,66 79 121 47 139 138 64 132 4 14 110 90 87 87 3 66 154 88 138 113 28 65 99 31 40 16 168 5 30 6 14 107 48 172 151 152,1.2156422 1.2602669 1.3273467 1.2385626 1.1407021 0.94850624 1.306527 0.94805157 0.85179961 0.89749193 1.04687 0.81385577 1.3185496 0.94318616 1.3979883 0.96338618 1.3144757 0.61978817 0.75269181 1.2503054 0.96326959 1.0643708 1.288036,,,,,,,3621eb26b949,cpu,cpu:x86_64,,,,runs/scaling/n12/task_bank.npz,"{""n_actions"": 180, ""name"": ""random""}"
random,128,6,777,777,6,0.10879646241664886,54.79754829406738,0.0159580797319197,0.01698482083156705,7229.623947919916,7307.536794745829,7230.071586582602,7307.982370228274,,,103 155 162 10 86 99 65 83 135 148 169 166 70 54 93 173 6 101 37 127 22 51 137 100 9 162 99 55 19 70 18 1 99 105 116 179,1.4875896 0.55634624 0.54802525 0.56249672 0.71566838 1.0228667 0.72898012 0.72699392 1.3574409 0.78884995 1.2275565 1.0434581 1.2612567 0.71693569 0.8498984 1.4951041 1.4011451 1.2346096 1.2569444 1.2667824 1.0701795 0.72441673 0.9553622,,,,,,,3621eb26b949,cpu,cpu:x86_64,,,,runs/scaling/n12/task_bank.npz,"{""n_actions"": 180, ""name"": ""random""}"
random,128,7,777,777,7,0.11718795448541641,52.68180847167969,0.01588714076206088,0.017147045582532883,7196.0900457310745,7269.612421281636,7196.53904794379,7270.05567154265,,,10 135 77 9 11 142 55 173 46 44 175 13 150 79 36 48 45 10 104 6 100 15 51 122 154 97 109 63 162 174 38 84 36 88 90 135,1.2745924 0.92315024 0.52525806 0.82721144 1.1363438 0.97228891 1.478233 0.78578776 0.61070281 0.59975004 0.97915637 0.84380412 0.97642756 1.3209137 1.2883403 1.1856793 1.086677 0.97567314 1.1202348 0.50393724 0.6953823 1.4633485 1.3483073,,,,,,,3621eb26b949,cpu,cpu:x86_64,,,,runs/scaling/n12/task_bank.npz,"{""n_actions"": 180, ""name"": ""random""}"
random,128,8,777,777,8,0.13731877505779266,57.26230239868164,0.016069945154918566,0.01708202762529254,7182.5575513551785,7258.807689242531,7183.005810065272,7259.256454941351,,,49 139 124 86 117 30 134 82 68 71 165 145 163 46 138 29 178 91 140 150 90 83 151 96 31 50 86 157 177 10 132 134 80 91 72 138,0.80450106 0.52395022 0.93993008 0.76294929 1.2717659 1.2367275 0.58109593 1.0034984 0.98698014 0.87182796 0.99276906 0.81493819 1.2872008 0.67577368 0.9642787 1.1067331 1.0936894 1.4682226 0.99134457 1.1092128 0.61535603 0.86466944 1.2670417,,,,,,,3621eb26b949,cpu,cpu:x86_64,,,,runs/scaling/n12/task_bank.npz,"{""n_actions"": 180, ""name"": ""random""}"
random,128,9,777,777,9,0.06808354705572128,69.06291198730469,0.016376554008780256,0.017725746147334576,7155.831195886195,7263.033317954978,7156.280678806878,7263.478835491696,,,139 31 63 28 123 131 178 133 25 50 34 2 59 137 111 142 65 149 1 133 26 56 65 71 119 161 69 101 165 41 42 172 14 31 3 65,1.1307913 0.86662328 0.6729638 0.59312028 0.52778244 0.53365195 1.0949318 1.4606755 1.3477811 1.362661 0.55574566 1.4140059 0.69138807 1.0187557 1.2610772 0.82953894 0.97888935 1.3291738 0.92498225 0.94340414 0.6090219 0.63192165 1.265272,,,,,,,3621eb26b949,cpu,cpu:x86_64,,,,runs/scaling/n12/task_bank.npz,"{""n_actions"": 180, ""name"": ""random""}"
random,128,10,777,777,10,0.10160449147224426,48.935441970825195,0.016202610115417175,0.017718295566737652,7133.591910342349,7216.9083222106565,7134.038380305154,7217.349765094696,,,108 167 17 111 50 112 168 91 7 126 36 138 123 94 0 56 13 44 18 146 113 116 94 53 14 18 6 39 175 152 140 129 145 75 163 149,1.0533282 0.96290475 1.3231316 1.4253144 0.80509889 1.4647608 1.0636139 1.2072183 0.78704715 1.0586725 1.4008801 0.85035962 1.3440312 0.60580438 1.1816593 0.54540485 0.59469789 0.6192342 0.87271082 1.272833 0.61785299 1.1537631 0.67961258,,,,,,,3621eb26b949,cpu,cpu:x86_64,,,,runs/scaling/n12/task_bank.npz,"{""n_actions"": 180, ""name"": ""random""}"
random,128,11,777,777,11,0.12387669831514359,59.47594451904297,0.01646961835730407,0.01763401087373495,7119.886782317836,7191.074419301003,7120.333014502346,7191.514423233457,,,26 42 84 65 48 37 41 20 105 82 169 119 115 137 38 32 149 17 158 120 129 49 93 22 1 67 117 145 127 12 74 105 65 91 120 28,0.81004673 0.89043635 0.50877666 1.0885981 1.4971348 1.2529643 0.55422974 1.2941916 1.4642973 0.74871755 0.57429427 1.0699856 0.71292841 1.0061306 1.0530463 1.4531714 1.1976348 0.67452401 1.2858726 0.59475136 0.74736315 0.52175784 0.57479399,,,,,,,3621eb26b949,cpu,cpu:x86_64,,,,runs/scaling/n12/task_bank.npz,"{""n_actions"": 180, ""name"": ""random""}"
random,128,12,777,777,12,0.11090274155139923,56.67558479309082,0.016571106647865638,0.020908715669065714,7150.886216281732,7217.1777344774455,7151.331048432945,7217.629451013636,,,147 28 58 138 164 54 137 160 29 111 90 121 172 91 43 84 158 48 146 54 97 151 160 64 58 89 107 107 79 62 110 14 140 88 169 153,0.93899882 0.76869625 0.55711555 0.53673768 0.58599293 1.1825802 1.0426942 0.85219753 1.4699614 0.96884149 0.99102908 1.4302393 1.390002 1.4368013 0.83730096 0.84330821 1.0922589 0.50435138 1.2218692 0.96152037 0.57201153 0.64826614 0.99107713,,,,,,,3621eb26b949,cpu,cpu:x86_64,,,,runs/scaling/n12/task_bank.npz,"{""n_actions"": 180, ""name"": ""random""}"
random,128,13,777,777,13,0.06855354458093643,58.56280326843262,0.016591372615140345,0.019251048797741532,7152.137579241146,7220.960436970927,7152.589425603057,7221.4145307953,,,37 170 95 105 168 69 107 29 158 111 175 117 2 55 138 59 62 19 21 27 74 65 96 160 179 77 88 139 11 39 178 88 38 42 14 127,1.2543366 1.2757807 0.98033428 0.66669184 0.9588632 0.89570701 1.3104504 0.7582044 0.66196281 1.0106784 1.3342054 1.1103127 0.54031187 0.66870999 0.73233193 1.3704771 0.50330317 0.56044078 0.85753411 1.0422544 1.3196447 1.3791671 1.15513,,,,,,,3621eb26b949,cpu,cpu:x86_64,,,,runs/scaling/n12/task_bank.npz,"{""n_actions"": 180, ""name"": ""random""}"
random,128,14,777,777,14,0.10494876652956009,55.2520751953125,0.016017089365050197,0.01735228579491377,7152.424497274397,7225.586091954028,7152.868906669836,7226.039552275324,,,53 8 61 53 128 119 26 72 20 10 84 143 9 8 87 87 162 136 95 128 57 2 174 159 110 160 15 39 82 26 24 138 6 76 1 107,0.9618398 1.0342754 0.77827197 1.3774006 0.56103373 1.2457628 1.0066741 1.2684263 0.67432702 0.65742552 1.2282717 0.69692111 1.0289176 1.3959242 0.71492755 1.4598515 0.7184726 1.1577231 1.2738621 1.1111518 0.72618169 1.1940521 0.59860849,,,,,,,3621eb26b949,cpu,cpu:x86_64,,,,runs/scaling/n12/task_bank.npz,"{""n_actions"": 180, ""name"": ""random""}"
random,128,15,777,777,15,0.0921662300825119,47.54078674316406,0.015670918704320986,0.017207989003509283,7119.165362968084,7206.118286267156,7119.608348500657,7206.550986797083,,,94 20 59 103 36 144 20 10 7 37 10 87 172 99 156 165 102 146 7 110 82 77 157 101 53 118 34 158 11 130 110 93 161 92 16 5,1.243922 0.77882749 0.51400149 1.2661897 1.2925295 1.3296353 1.2443876 0.81426811 0.8987363 1.3977925 1.0643258 0.76985317 1.3034211 1.2401509 0.72116703 0.85967982 0.5208621 0.62018168 0.96188194 1.4848583 0.88567311 1.3650293 0.79115099,,,,,,,3621eb26b949,cpu,cpu:x86_64,,,,runs/scaling/n12/task_bank.npz,"{""n_actions"": 180, ""name"": ""random""}"
random,128,16,777,777,16,0.13189038634300232,55.921714782714844,0.015803887638159923,0.016736448742449284,7119.985583726601,7185.253392264713,7120.428090442955,7185.688297759043,,,94 75 163 21 169 164 160 127 44 16 160 144 102 143 12 76 69 132 7 90 152 120 179 12 149 169 41 35 132 176 68 172 67 137 120 27,0.7332986 1.4561274 0.67374414 0.86578804 1.4321668 1.1175503 1.1233026 1.0093496 1.2015146 1.2697506 1.0269221 1.1717776 0.66170508 1.2810411 0.67357594 1.0945958 0.50938517 1.1036805 1.044073 1.2202882 0.82668597 1.1600868 0.917364,,,,,,,3621eb26b949,cpu,cpu:x86_64,,,,runs/scaling/n12/task_bank.npz,"{""n_actions"": 180, ""name"": ""random""}"
random,128,17,777,777,17,0.1198338121175766,49.16875076293945,0.016135600162670016,0.018302525859326124,7102.859260970338,7167.801511794096,7103.303172473615,7168.252529751044,,,30 176 109 118 17 153 117 160 73 125 37 117 27 62 97 102 119 13 89 74 115 21 168 165 174 93 97 51 36 57 25 29 129 21 155 25,0.81190348 0.7474544 1.3141673 1.1466194 0.79933953 0.60124117 0.72024518 1.3457661 1.2180717 0.92070061 1.3320962 0.83345294 1.1689591 0.91702753 1.4029503 0.60852325 0.89420354 1.2985357 0.86467588 0.88394451 0.87040508 1.0922751 0.55754006,,,,,,,3621eb26b949,cpu,cpu:x86_64,,,,runs/scaling/n12/task_bank.npz,"{""n_actions"": 180, ""name"": ""random""}"
random,128,18,777,777,18,0.09266609698534012,62.49795913696289,0.016255200737052493,0.017925951397046447,6919.855586246639,7178.703526209574,6920.299962596295,7179.149756790139,,,53 111 22 130 130 18 70 18 110 179 66 3 30 13 171 17 70 7 15 71 94 29 23 72 164 78 104 18 69 136 104 115 172 15 158 108,0.73618716 0.86639297 0.70854348 0.61133057 0.95686191 1.1662132 1.2646993 0.6832931 0.59529048 1.1710937 0.77467424 0.81142551 0.76571423 0.71286792 1.2938374 0.63799888 0.51900423 0.70820796 0.76014096 0.55316436 1.0756019 1.215462 0.58071709,,,,,,,3621eb26b949,cpu,cpu:x86_64,,,,runs/scaling/n12/task_bank.npz,"{""n_actions"": 180, ""name"": ""random""}"
random,128,19,777,777,19,0.09268824011087418,54.42218589782715,0.017891583007035985,0.019133964087814093,7112.934793888901,7192.266775062308,7113.403282438715,7192.746606247965,,,143 16 102 170 74 82 177 44 103 133 28 169 177 139 57 103 76 15 65 81 66 167 120 134 57 83 30 38 159 18 80 110 175 16 83 37,0.62676108 0.87470341 1.3073149 0.57202727 1.0878335 1.0107683 0.66030884 0.66026586 1.2705371 0.80214739 1.3901055 0.99328369 1.0492691 1.3928473 1.162187 0.58601749 0.66615868 1.0606686 1.3303683 0.64155447 0.78035045 0.79513049 1.0580971,,,,,,,3621eb26b949,cpu,cpu:x86_64,,,,runs/scaling/n12/task_bank.npz,"{""n_actions"": 180, ""name"": ""random""}"
random,128,20,777,777,20,0.10719364881515503,48.6693000793457,0.018063997332420614,0.019015278667211533,7115.455717304333,7183.292976493249,7115.9212762237685,7183.76567796804,,,129 90 169 103 165 53 151 8 165 16 37 79 139 35 140 118 141 41 73 122 63 113 141 10 108 104 101 149 100 23 154 19 40 24 125 96,1.1213913 1.1731086 1.0081291 0.97119135 0.76889491 0.80489206 1.3433241 0.85626048 0.99821872 1.0948331 0.84754348 1.1967344 0.56091166 1.2567892 1.2334924 0.59384012 1.2176876 0.98005313 0.7563135 0.86501783 0.60792959 0.5166384 1.355373,,,,,,,3621eb26b949,cpu,cpu:x86_64,,,,runs/scaling/n12/task_bank.npz,"{""n_actions"": 180, ""name"": ""random""}"
random,128,21,777,777,21,0.09638847410678864,54.924381256103516,0.017920062722017367,0.019477010937407613,7133.444855840126,7211.808118212502,7133.9144904050045,7212.279705243418,,,44 70 143 19 93 111 34 164 106 29 76 138 35 66 174 152 62 108 50 162 78 46 59 99 115 89 107 176 150 98 148 8 10 13 95 70,0.57973224 0.99373621 1.3517528 1.4481165 1.0834053 0.88408512 0.66627204 1.1205209 1.1532453 0.8085407 0.82844347 1.3027531 0.64475268 0.65005189 0.80669606 1.4900761 0.61323482 0.96349877 1.1810515 1.3348905 1.3901482 0.65522534 1.2542113,,,,,,,3621eb26b949,cpu,cpu:x86_64,,,,runs/scaling/n12/task_bank.npz,"{""n_actions"": 180, ""name"": ""random""}"
random,128,22,777,777,22,0.08805613219738007,71.15055084228516,0.01787505203133656,0.019338505808264017,7120.830089002589,7197.628465510206,7121.298135688347,7198.094840248814,,,70 81 164 178 123 135 133 149 76 35 46 2 35 112 80 89 15 34 48 179 85 61 143 157 76 46 163 111 147 123 164 133 130 10 26 22,0.60758239 0.65417063 0.86357665 1.3932773 0.92788178 1.2756966 0.72125465 0.9936614 0.7370351 1.2073728 0.54671651 0.98760474 1.3056231 0.87164962 1.0527948 1.2704531 1.1898212 1.0559579 1.2873695 0.77057403 1.2402837 1.1553166 0.53985906,,,,,,,3621eb26b949,cpu,cpu:x86_64,,,,runs/scaling/n12/task_bank.npz,"{""n_actions"": 180, ""name"": ""random""}"
random,128,23,777,777,23,0.13940107822418213,55.67155838012695,0.01785080530680716,0.019058497855439782,7124.868207242495,7207.347716001095,7125.332427867559,7207.823120232206,,,3 70 166 55 83 177 51 74 11 140 123 111 64 116 40 134 88 19 89 58 28 47 66 137 81 156 46 11 51 126 98 83 86 47 114 91,0.79965752 1.1631913 0.90549469 0.55806345 1.2997993 0.54655725 0.98880649 1.2575525 1.2151144 0.51326191 1.3851993 1.1434281 0.76398534 0.51221937 0.54191619 1.3293867 1.3257248 0.76393998 1.4513946 0.67392969 0.59531784 0.6236313 1.3186315,,,,,,,3621eb26b949,cpu,cpu:x86_64,,,,runs/scaling/n12/task_bank.npz,"{""n_actions"": 180, ""name"": ""random""}"
random,128,24,777,777,24,0.1395668387413025,48.81853103637695,0.01806669428737627,0.01976679777726531,7148.244014307339,7219.008927961113,7148.71103824569,7219.466865994036,,,170 136 130 127 17 172 82 124 1 49 167 170 101 13 107 3 51 66 105 48 40 44 58 53 60 77 121 82 136 107 169 72 98 15 63 59,1.390416 0.71961546 0.64743 1.2684727 0.9227097 1.0988649 0.6139223 1.0734534 1.3000133 0.55850983 0.70714253 0.74305171 1.1681894 0.79602873 1.1526479 1.4904102 0.99691969 1.1463403 1.1562693 1.4344785 1.2030376 1.3894045 0.71447688,,,,,,,3621eb26b949,cpu,cpu:x86_64,,,,runs/scaling/n12/task_bank.npz,"{""n_actions"": 180, ""name"": ""random""}"
random,128,25,777,777,25,0.09476274996995926,47.88632392883301,0.01824382019953595,0.019774801330640912,7149.626582453493,7230.287100712303,7150.093619436828,7230.750222021015,,,147 120 169 95 150 130 119 179 140 76 38 92 28 19 66 76 146 70 163 44 165 102 130 70 63 22 57 1 169 46 169 2 67 164 78 8,0.98742944 1.0535874 1.4175665 1.3111713 1.1150827 0.93315583 1.0661857 1.156239 1.38301 1.2225548 1.0179073 1.168804 1.0804387 1.2582574 1.038991 0.83931023 0.70799977 0.774279 0.74770188 0.95486522 0.79859817 1.145195 0.91728032,,,,,,,3621eb26b949,cpu,cpu:x86_64,,,,runs/scaling/n12/task_bank.npz,"{""n_actions"": 180, ""name"": ""random""}"
random,128,26,777,777,26,0.08573660999536514,50.74554443359375,0.017569972745453317,0.018983468180522323,6934.260335621528,7217.34890222433,6934.726958140446,7217.809079302242,,,63 108 12 41 62 33 139 10 106 50 122 66 9 18 177 94 158 165 29 92 87 156 95 170 0 8 30 150 0 54 123 35 110 72 123 114,1.0124863 0.5326829 0.91697139 0.61831498 1.4146885 1.206852 0.59254211 1.3014321 1.2972833 0.92549527 1.2370417 0.95074022 1.0900326 1.4269315 0.63870007 0.58013475 1.2433965 0.74030817 1.1187227 1.0571498 1.3133844 1.0883392 1.0343703,,,,,,,3621eb26b949,cpu,cpu:x86_64,,,,runs/scaling/n12/task_bank.npz,"{""n_actions"": 180, ""name"": ""random""}"
random,128,27,777,777,27,0.13695265352725983,61.341712951660156,0.018179636552102037,0.019336235709488392,7148.298101124561,7220.782213757047,7148.764095330585,7221.242979721865,,,6 10 136 98 126 126 156 42 10 94 8 87 141 32 72 14 158 148 119 70 58 119 75 13 174 110 9 43 116 49 154 101 123 79 152 72,1.0030081 1.1682338 0.56774628 1.4391327 0.6978029 1.4815887 1.4573932 1.2621386 0.65509474 1.4801074 1.1607859 0.70633596 0.57115644 1.3795942 1.2664074 0.68065566 0.60109144 1.0652509 0.71324205 1.1526299 1.3383043 1.476053 0.76220644,,,,,,,3621eb26b949,cpu,cpu:x86_64,,,,runs/scaling/n12/task_bank.npz,"{""n_actions"": 180, ""name"": ""random""}"
random,128,28,777,777,28,0.07696976512670517,54.156436920166016,0.01789527272598611,0.01926370896399021,7143.203486591422,7230.402029759716,7143.670288364066,7230.871166539146,,,117 40 49 138 103 29 32 26 137 87 140 7 58 56 13 173 32 160 81 53 74 55 39 158 72 80 16 156 21 55 75 37 179 35 129 53,1.3546883 1.3925223 1.197539 1.1500151 0.84546733 1.0679226 0.5761379 0.91354769 0.61856973 1.4210408 1.0198299 1.4328803 0.69239855 0.75703824 0.72856838 1.1810218 0.67546105 0.70911723 0.72342974 1.1575772 1.3659526 0.82898545 1.0725389,,,,,,,3621eb26b949,cpu,cpu:x86_64,,,,runs/scaling/n12/task_bank.npz,"{""n_actions"": 180, ""name"": ""random""}"
random,128,29,777,777,29,0.09706615656614304,58.43450164794922,0.018085023233046133,0.019336002878844738,7115.95811197185,7189.752310019685,7116.4274738112,7190.214934467804,,,110 87 73 110 100 45 12 39 140 89 60 93 92 98 20 83 27 26 122 170 78 75 22 61 20 2 68 42 16 19 113 100 147 150 24 161,0.78847647 0.82188356 0.66551554 0.61669272 0.64181292 1.1218094 1.2245929 0.60062313 0.60465395 1.49894 0.51905495 1.419288 1.3553348 0.8325997 1.0872244 0.98629493 0.95948076 1.2327681 0.94625574 1.0605637 0.68548518 0.93111068 0.69296479,,,,,,,3621eb26b949,cpu,cpu:x86_64,,,,runs/scaling/n12/task_bank.npz,"{""n_actions"": 180, ""name"": ""random""}"
random,128,30,777,777,30,0.15729272365570068,57.673227310180664,0.018053018720820546,0.019488768884912133,7123.008130768237,7197.4948877468705,7123.475985025935,7197.973650560016,,,81 151 147 102 158 115 56 65 8 168 4 9 119 86 111 100 87 88 84 116 17 38 23 94 54 55 30 171 156 12 150 42 137 31 178 122,0.57354069 0.59572983 0.53908992 0.89990962 0.66278934 0.9002974 0.93872356 0.60021818 1.2556987 1.1398796 0.58365327 0.7798444 1.4065338 0.52052826 1.2982339 0.88844186 0.7085197 1.0270505 1.0527879 1.3369521 1.1468019 1.2556814 0.60336983,,,,,,,3621eb26b949,cpu,cpu:x86_64,,,,runs/scaling/n12/task_bank.npz,"{""n_actions"": 180, ""name"": ""random""}"
random,128,31,777,777,31,0.08231178671121597,58.70686721801758,0.01805601964911653,0.0188835256267339,7130.508229644167,7214.413317793515,7130.979953585968,7214.889347204007,,,135 66 132 64 76 105 159 32 136 159 72 75 175 157 45 175 43 64 91 167 43 115 29 51 55 94 79 89 52 128 139 53 56 35 14 39,1.1052114 0.59160095 1.4445726 0.95768172 0.74667835 1.2438209 1.4389112 1.2723984 1.0732001 0.5845328 0.95151544 0.50072908 1.45178 0.83060133 1.0236777 0.57139927 1.2233874 1.1727631 1.4081101 0.93814158 1.2635355 0.60157728 0.56125879,,,,,,,3621eb26b949,cpu,cpu:x86_64,,,,runs/scaling/n12/task_bank.npz,"{""n_actions"": 180, ""name"": ""random""}"
random,128,32,777,777,32,0.05334960296750069,58.07966232299805,0.018416868341672752,0.024483713787049055,7125.161515891604,7176.657953241374,7125.632466509059,7177.119060244877,,,55 151 171 33 101 106 112 162 58 3 172 63 160 13 112 81 27 67 32 97 23 177 31 113 139 153 17 169 26 149 28 123 93 87 61 7,1.4289587 1.2488748 0.96149898 0.71263397 0.60014606 1.1129851 0.59011149 0.70913845 1.0002797 1.0775229 0.79855937 1.296267 0.9653461 1.3673291 1.112331 1.4938977 0.8651408 1.4625965 1.4223596 0.57149929 1.1350305 1.1752765 0.59118837,,,,,,,3621eb26b949,cpu,cpu:x86_64,,,,runs/scaling/n12/task_bank.npz,"{""n_actions"": 180, ""name"": ""random""}"
random,128,33,777,777,33,0.12092378735542297,55.54450988769531,0.01802758197300136,0.019441533368080854,7100.217147254928,7163.635019474896,7100.686520583824,7164.109451405238,,,123 106 145 115 113 93 66 119 45 35 92 119 172 168 177 23 36 33 121 155 160 42 116 68 48 81 144 76 73 8 113 14 93 28 87 163,0.54705477 0.58907127 0.94123614 0.69809771 1.1562941 0.73111367 1.1799564 1.1313671 0.56091642 1.0800378 1.3321027 1.0087851 0.88256526 1.0011863 0.69538641 0.77367061 0.89858514 0.71098936 0.7209605 1.1938652 1.4600912 0.91284144 1.2880964,,,,,,,3621eb26b949,cpu,cpu:x86_64,,,,runs/scaling/n12/task_bank.npz,"{""n_actions"": 180, ""name"": ""random""}"
random,128,34,777,777,34,0.10579430311918259,47.80261993408203,0.01768187050604158,0.019209226593375206,7103.397176914667,7167.188849765807,7103.861014908438,7167.644476983696,,,46 152 66 107 173 107 45 109 82 46 105 125 78 178 78 10 49 118 118 52 81 3 51 112 121 72 168 52 7 47 130 65 102 130 171 67,0.62902677 0.60778546 0.63433367 1.0340325 0.89221191 0.60705549 1.1186256 1.4151486 0.66523361 1.2678267 0.87039518 1.2409838 1.1360176 1.0417967 1.4476146 1.4769762 0.93214935 1.1941953 1.0812204 1.4869312 1.2365296 1.2079439 0.65528083,,,,,,,3621eb26b949,cpu,cpu:x86_64,,,,runs/scaling/n12/task_bank.npz,"{""n_actions"": 180, ""name"": ""random""}"
random,128,35,777,777,35,0.10044020414352417,58.45355796813965,0.018024432291794155,0.020188192138448358,7141.433041600976,7210.734991269419,7141.905537075621,7211.208762455499,,,24 61 68 164 132 105 112 138 117 174 159 147 131 99 13 133 109 163 97 119 43 146 82 95 142 131 61 42 122 177 91 79 162 74 151 54,1.3455737 1.1043603 1.4037814 0.75860327 1.051935 0.99451232 1.4785697 1.0461709 0.5486604 0.57389092 0.89021122 0.66723132 1.0961518 0.82932842 0.78039628 1.0019957 1.410055 1.4590145 0.85683924 0.51871121 0.84661072 1.4188721 0.81766909,,,,,,,3621eb26b949,cpu,cpu:x86_64,,,,runs/scaling/n12/task_bank.npz,"{""n_actions"": 180, ""name"": ""random""}"
random,128,36,777,777,36,0.09178446978330612,53.03734588623047,0.01878960433209108,0.022230000467970967,7130.467450631032,7226.478136813967,7130.949709923395,7226.952744269511,,,156 68 41 131 142 166 153 165 57 71 97 44 135 136 99 172 30 156 18 131 47 10 84 87 53 148 92 39 179 65 156 21 76 134 174 47,0.95217848 1.4925859 1.2543135 1.3319399 0.69975936 0.51218927 1.126344 0.99738938 0.69098437 1.4983853 0.83964229 1.2863166 0.88685733 0.51550114 1.3802799 1.0980699 1.3259033 0.67152393 0.78791767 0.80814362 0.67306769 0.79625309 0.77282989,,,,,,,3621eb26b949,cpu,cpu:x86_64,,,,runs/scaling/n12/task_bank.npz,"{""n_actions"": 180, ""name"": ""random""}"
random,128,37,777,777,37,0.1419447362422943,65.81575393676758,0.018533193118249375,0.02246949588879943,7130.023390859908,7214.019034494413,7130.5007407370595,7214.495847932994,,,25 30 100 141 7 21 156 33 146 26 58 12 144 172 15 66 141 41 171 168 15 37 80 74 142 13 157 122 135 48 78 71 126 168 32 134,1.3743621 0.75646514 1.1218717 1.1845531 1.2442678 0.56004137 0.62336743 0.8929342 0.80828881 1.4834049 0.915115 1.1415682 1.2584951 1.4091887 0.91603297 1.3764251 1.4408346 1.3472891 0.68554181 1.3485413 0.59588927 0.61488527 0.88391018,,,,,,,3621eb26b949,cpu,cpu:x86_64,,,,runs/scaling/n12/task_bank.npz,"{""n_actions"": 180, ""name"": ""random""}"
random,128,38,777,777,38,0.08914246410131454,61.37228202819824,0.021101421831796568,0.026049237931147218,7128.75995489109,7219.056708534481,7129.278413822047,7219.59392176359,,,174 157 68 20 67 22 170 0 82 164 162 99 66 21 25 154 57 170 101 70 130 116 92 29 16 60 82 93 73 95 74 50 51 143 37 43,1.2804319 1.1170206 1.1490371 1.2445017 0.60883021 0.82508224 0.7627086 1.2623234 1.3699833 0.56481075 1.2031935 1.0422162 1.0759329 1.1657219 1.331154 1.4057828 1.4162904 1.4712796 0.63044602 0.70469624 0.69062489 1.3943263 1.0086477,,,,,,,3621eb26b949,cpu,cpu:x86_64,,,,runs/scaling/n12/task_bank.npz,"{""n_actions"": 180, ""name"": ""random""}"
random,128,39,777,777,39,0.10102301836013794,58.28572082519531,0.02210130009593235,0.026937981601804495,7158.850740101318,7235.003000299912,7159.383868300614,7235.5251342232805,,,56 66 67 18 49 156 145 158 122 90 148 139 146 119 171 29 175 12 49 173 178 163 38 153 51 68 178 98 10 92 56 1 9 28 51 162,0.96533924 0.76649565 1.0090399 1.2568723 1.2081604 1.4555727 1.1925068 0.77472621 1.4470475 0.57525843 0.51977217 0.76379317 1.330881 1.4924001 1.2195247 1.0342318 1.0667377 0.54412365 0.7636528 1.2314812 1.3134813 1.1914582 1.1069437,,,,,,,3621eb26b949,cpu,cpu:x86_64,,,,runs/scaling/n12/task_bank.npz,"{""n_actions"": 180, ""name"": ""random""}"
random,128,40,777,777,40,0.11378675699234009,62.082536697387695,0.02086641163461738,0.0242652022279799,7098.743501688457,7193.1295552058145,7099.254584315026,7193.728331680177,,,59 160 90 139 53 35 166 87 18 98 77 157 37 155 133 109 144 150 117 98 38 93 5 53 102 136 77 107 57 46 1 51 3 108 46 30,0.8695206 0.76999885 0.74662095 0.79970759 0.93070787 0.95865285 1.0998443 0.90192914 0.58516651 0.83153087 1.1715513 1.0631983 1.4471483 1.3805419 1.09409 0.51864403 0.97091222 0.58182615 1.2217966 0.89541721 1.4838214 0.90384465 0.99161726,,,,,,,3621eb26b949,cpu,cpu:x86_64,,,,runs/scaling/n12/task_bank.npz,"{""n_actions"": 180, ""name"": ""random""}"
random,128,41,777,777,41,0.0651804730296135,51.53479194641113,0.019751589408972196,0.022549997083842754,6886.121589189214,7164.984321745578,6886.615500717501,7165.48064732342,,,14 37 67 135 112 93 9 94 105 173 148 62 16 3 26 40 9 59 94 28 27 152 175 135 14 67 30 97 29 143 70 150 122 155 70 84,1.0312722 1.2273545 1.4971105 0.92465138 1.0164733 0.60985529 0.92462325 0.89214504 0.74724466 1.0708243 0.89156687 1.1976936 1.3886962 1.1941713 0.6190809 1.0489713 0.63298839 1.2870511 0.90789562 0.58726555 1.1245223 0.6725263 0.88242406,,,,,,,3621eb26b949,cpu,cpu:x86_64,,,,runs/scaling/n12/task_bank.npz,"{""n_actions"": 180, ""name"": ""random""}"
random,128,42,777,777,42,0.10923062264919281,66.13851737976074,0.02109327599302762,0.023018219508230686,7099.465260527924,7170.81034524017,7099.981623394544,7171.306750562508,,,56 156 43 61 134 86 43 2 38 138 45 165 154 146 131 3 52 102 87 133 99 43 86 15 176 53 91 17 157 9 83 156 139 115 94 177,0.62550378 0.50731331 0.75574607 0.51321679 1.4159234 0.54706579 1.102062 0.72853738 0.68440652 0.55986756 0.77844495 0.94443166 0.87015641 1.3746679 1.0342146 0.560956 1.3014928 0.97312522 1.0305822 1.104147 1.1234984 0.7265293 1.2111183,,,,,,,3621eb26b949,cpu,cpu:x86_64,,,,runs/scaling/n12/task_bank.npz,"{""n_actions"": 180, ""name"": ""random""}"
random,128,43,777,777,43,0.12141113728284836,42.7196102142334,0.020087948845078547,0.023369007976725698,7108.913867149062,7203.408712462988,7109.408079455736,7203.909426549217,,,59 93 111 65 148 149 140 151 65 171 87 17 127 146 53 54 31 166 95 112 153 7 175 27 172 72 34 136 166 36 116 150 46 140 40 39,0.86862683 0.60056525 1.0240713 1.4219456 1.0116967 1.3667631 1.4498425 0.54864025 1.3342642 0.80499005 0.69632465 1.1263043 0.94552374 1.3501143 1.1802984 0.73525167 0.97880924 1.4335277 0.85387552 1.4063172 1.4039534 0.65886587 0.66878825,,,,,,,3621eb26b949,cpu,cpu:x86_64,,,,runs/scaling/n12/task_bank.npz,"{""n_actions"": 180, ""name"": ""random""}"
random,128,44,777,777,44,0.10059162974357605,53.27570152282715,0.020312074209666915,0.022344669559970498,7151.272049348336,7222.322252928279,7151.780429448182,7222.83164554392,,,168 73 163 159 68 12 158 129 81 102 170 53 17 74 30 98 94 129 26 34 130 50 54 132 136 99 70 89 123 63 167 33 78 53 97 93,0.9002685 1.135008 0.55970156 1.0471293 1.2047626 0.7377733 1.0272022 0.98627067 0.67916119 0.58171105 1.3233485 1.2293482 1.3933301 0.80548179 0.79741716 1.2746497 0.96738642 1.2513787 0.94651365 0.89890456 0.79188889 1.4343626 1.3127469,,,,,,,3621eb26b949,cpu,cpu:x86_64,,,,runs/scaling/n12/task_bank.npz,"{""n_actions"": 180, ""name"": ""random""}"
random,128,45,777,777,45,0.05658252164721489,44.841896057128906,0.020222411775547598,0.02256981679238379,7093.7705945107155,7179.231088288361,7094.271986056508,7179.733828030294,,,99 31 177 177 113 169 171 82 20 160 63 32 33 83 78 154 59 171 161 15 86 176 76 55 79 10 32 17 130 67 152 75 58 109 165 48,0.88932467 1.1639836 0.57733053 1.1132327 0.74029684 0.77437782 1.0648421 0.94197458 0.90031976 0.72612661 1.270469 0.96850729 0.97608548 0.76401716 1.4279 1.0481462 1.4209281 1.0239542 1.0188006 0.94386119 1.1027892 0.66006243 1.0288436,,,,,,,3621eb26b949,cpu,cpu:x86_64,,,,runs/scaling/n12/task_bank.npz,"{""n_actions"": 180, ""name"": ""random""}"
random,128,46,777,777,46,0.08602287620306015,45.540489196777344,0.020014668633747432,0.022171472664922476,7079.4955362313585,7172.944713005563,7079.995329171652,7173.423633328639,,,161 31 34 155 55 78 45 31 91 146 147 77 37 50 23 89 56 147 155 80 27 96 102 144 107 173 28 111 128 84 130 153 95 157 35 140,0.66183823 0.64683849 0.98594838 0.54355758 0.81319332 1.4616306 1.3920175 0.79610592 0.80751622 1.3812382 0.9463799 1.3240541 0.78121454 0.53553265 0.74043012 1.1894193 1.0022928 0.8533451 0.70938748 0.79804325 1.3538858 1.297182 1.2175096,,,,,,,3621eb26b949,cpu,cpu:x86_64,,,,runs/scaling/n12/task_bank.npz,"{""n_actions"": 180, ""name"": ""random""}"
random,128,47,777,777,47,0.049460846930742264,43.0994758605957,0.019869902947296698,0.021881016436964273,6900.081323401537,7170.566965825856,6900.58038497874,7171.050935517997,,,146 166 105 164 65 107 103 170 120 126 78 9 166 25 23 96 154 166 63 29 67 72 115 175 163 33 43 148 159 48 47 1 77 160 140 75,1.3701801 0.81085974 0.70847708 0.69860506 0.79477781 0.98466825 1.113283 0.75103289 0.71779817 0.99823111 1.0189717 0.50900006 1.2873609 1.1694511 0.89349812 1.0466304 0.78585267 1.0243396 0.55496925 1.2306558 1.4855236 1.3437415 1.4792606,,,,,,,3621eb26b949,cpu,cpu:x86_64,,,,runs/scaling/n12/task_bank.npz,"{""n_actions"": 180, ""name"": ""random""}"
random,128,48,777,777,48,0.08072664588689804,63.19622611999512,0.01976030115555558,0.023228523787111044,7089.857175913898,7175.5611909902655,7090.3562598913495,7176.05525223189,,,79 169 33 47 35 148 154 111 170 120 38 163 87 121 46 26 157 52 131 66 17 157 75 134 77 15 68 43 117 55 46 130 15 0 62 127,1.0495473 0.96481067 0.64569521 1.4451275 0.92142761 0.84141046 0.51494771 0.73589528 0.60955817 1.0598044 1.334492 1.3250108 1.061895 1.269639 1.3326259 1.1530471 0.83304936 1.4789404 1.26568 0.96544147 0.60881031 0.6068632 1.3343583,,,,,,,3621eb26b949,cpu,cpu:x86_64,,,,runs/scaling/n12/task_bank.npz,"{""n_actions"": 180, ""name"": ""random""}"
random,128,49,777,777,49,0.05911527946591377,40.63853454589844,0.018561271847122245,0.01977881765924394,6913.642608201674,7205.848143785261,6914.126132395015,7206.341947428882,,,121 160 82 100 159 76 60 138 135 89 153 4 35 53 41 108 82 163 19 166 65 145 142 135 65 111 50 98 48 111 61 106 138 71 174 40,1.399506 1.3414361 1.0674407 1.1393528 0.86450332 1.4365344 0.55453378 0.98274243 1.0603523 0.99247515 1.1490306 1.3333696 1.3668896 0.92878592 0.88914126 1.2191582 1.4459951 1.4790291 1.4776475 1.3066181 1.2834582 0.71554226 0.8282572,,,,,,,3621eb26b949,cpu,cpu:x86_64,,,,runs/scaling/n12/task_bank.npz,"{""n_actions"": 180, ""name"": ""random""}"
random,128,50,777,777,50,0.13264718651771545,54.381778717041016,0.01905565861509078,0.020814070012420416,7108.770521726304,7173.019525012933,7109.256556561579,7173.514122754568,,,54 110 10 91 4 172 56 78 46 88 78 166 148 84 36 119 44 102 3 160 104 64 177 171 94 33 170 2 9 114 148 157 95 124 38 177,0.71431226 1.0237371 0.80778807 1.4552956 0.57108921 0.73381859 0.67422456 1.1828015 0.86784238 0.86044532 1.0838982 0.99591982 0.51213521 1.3148519 0.98754561 1.2935048 0.9609164 1.4288514 1.2419001 0.84353536 0.50793689 1.4478515 0.89084774,,,,,,,3621eb26b949,cpu,cpu:x86_64,,,,runs/scaling/n12/task_bank.npz,"{""n_actions"": 180, ""name"": ""random""}"
random,128,51,777,777,51,0.11928839981555939,70.99364852905273,0.0184324712285565,0.020060804672539234,6885.280933502751,7167.804277763935,6885.762793193054,7168.289887224091,,,44 168 24 120 70 67 76 131 49 115 176 99 120 42 65 25 25 10 1 24 166 179 53 81 36 161 46 131 22 21 150 71 142 42 81 98,0.67986345 1.3846924 0.91943485 1.3729053 1.4731785 0.86025798 1.4329232 1.1422694 0.78644037 1.0243928 0.99452776 0.97220057 1.0869213 0.50251013 0.98022211 1.4334644 1.2292095 1.0970829 0.76192027 0.69327855 0.51975274 0.59456134 1.036496,,,,,,,3621eb26b949,cpu,cpu:x86_64,,,,runs/scaling/n12/task_bank.npz,"{""n_actions"": 180, ""name"": ""random""}"
random,128,52,777,777,52,0.1074606403708458,45.909854888916016,0.01834810569158031,0.019726547179743648,7075.815168021816,7150.108156056376,7076.2963685232935,7150.587477284716,,,160 14 89 80 82 38 15 52 26 111 24 38 46 5 112 126 128 83 24 140 175 100 10 85 133 3 163 106 122 147 167 110 48 62 31 48,1.2123511 0.79609758 0.69823915 0.72122443 1.3432252 0.68351686 1.0932997 1.4035275 0.52134544 0.85052806 0.57244068 1.2196548 1.4122186 0.54365557 0.97454816 1.1789705 0.67415744 0.79864532 1.3359202 1.0408657 1.4629114 0.9865163 1.4769074,,,,,,,3621eb26b949,cpu,cpu:x86_64,,,,runs/scaling/n12/task_bank.npz,"{""n_actions"": 180, ""name"": ""random""}"
random,128,53,777,777,53,0.11686640977859497,74.01866912841797,0.01854341826401651,0.019866973161697388,6883.850150214534,7157.341302692657,6884.332585853473,7157.826046750415,,,88 136 146 81 63 20 50 134 158 57 73 102 149 124 168 169 96 58 82 69 33 8 141 2 2 15 175 142 150 7 179 31 47 166 146 47,0.95157945 0.87418425 1.0409901 1.4841107 1.1292702 1.3529334 1.4434156 1.3328162 1.1876041 0.9868781 0.54255736 1.225222 0.7602151 0.84513968 0.65357244 0.6168043 0.53161693 1.3873634 0.806279 1.4967718 0.55242944 0.92305696 0.72947198,,,,,,,3621eb26b949,cpu,cpu:x86_64,,,,runs/scaling/n12/task_bank.npz,"{""n_actions"": 180, ""name"": ""random""}"
random,128,54,777,777,54,0.08763748407363892,51.10508346557617,0.018586113583296537,0.01981481909751892,7099.250448557238,7166.323803772684,7099.735864971687,7166.808234032942,,,68 85 19 141 162 3 148 146 125 80 39 116 49 44 76 34 119 56 136 92 48 22 132 57 16 23 67 109 89 111 45 7 133 52 32 138,1.0928195 1.1443628 1.0186646 1.165123 0.69683987 1.1641617 1.4343601 0.63100821 0.6876176 1.36625 0.73437017 0.79948974 1.3737155 1.1991416 1.1124529 1.2758554 1.2812519 1.4109278 1.0260546 0.81489784 0.71365666 0.5205133 1.2807225,,,,,,,3621eb26b949,cpu,cpu:x86_64,,,,runs/scaling/n12/task_bank.npz,"{""n_actions"": 180, ""name"": ""random""}"
random,128,55,777,777,55,0.07074160873889923,67.96773910522461,0.018409640890442662,0.019461731426417828,7094.774618111033,7175.568554550409,7095.260522878056,7176.054212759482,,,89 44 150 13 152 40 137 135 80 112 71 79 88 126 155 92 60 18 83 10 73 106 34 144 100 152 50 155 150 139 29 156 22 61 21 83,0.87827778 0.95433021 0.92273366 0.5471077 0.57781523 0.66032535 1.4096959 1.3474596 1.0977919 1.0975825 1.1095821 1.3975787 1.0785229 1.4698416 1.2266526 1.2522048 1.0500741 1.3176786 1.092225 0.77626932 0.76747948 1.4013374 0.8864854,,,,,,,3621eb26b949,cpu,cpu:x86_64,,,,runs/scaling/n12/task_bank.npz,"{""n_actions"": 180, ""name"": ""random""}"
random,128,56,777,777,56,0.10161028057336807,53.22294235229492,0.018722911287720006,0.01976446947082877,7080.893219597379,7162.308949511498,7081.371783880361,7162.790159025462,,,88 99 66 29 46 158 89 125 10 98 13 12 22 75 30 121 135 42 23 65 15 110 26 174 127 32 58 74 111 0 115 75 148 30 15 128,0.75800645 1.1947978 1.4926403 0.55572671 1.1606152 0.79326147 0.51673543 1.1254601 0.90430111 0.79393691 0.76330256 1.4773693 0.62227625 1.4128014 0.58326203 1.2024581 0.90559751 0.85577834 0.83982813 1.2195435 1.1552563 1.0628597 0.98087597,,,,,,,3621eb26b949,cpu,cpu:x86_64,,,,runs/scaling/n12/task_bank.npz,"{""n_actions"": 180, ""name"": ""random""}"
random,128,57,777,777,57,0.07911956310272217,46.71462631225586,0.019462665982751384,0.020423962268978357,7101.8165323055455,7188.075107493205,7102.3109393847535,7188.565319171175,,,38 112 98 7 86 151 88 24 82 175 13 123 109 120 50 109 87 43 71 49 101 142 51 121 100 86 82 152 100 82 151 165 52 102 43 120,0.86177027 1.2275451 0.8741076 0.84319371 1.4132419 1.0860301 1.2683554 1.4674592 1.3176447 1.0506433 1.243543 1.0008512 0.6585542 0.82966959 0.70583034 1.1273185 0.64165217 1.1537468 1.4456979 0.89744991 1.1216151 1.2387654 1.0181533,,,,,,,3621eb26b949,cpu,cpu:x86_64,,,,runs/scaling/n12/task_bank.npz,"{""n_actions"": 180, ""name"": ""random""}"
random,128,58,777,777,58,0.08263368904590607,44.71871566772461,0.020227954438370135,0.022462249035015702,7111.550942444916,7197.417775256326,7112.056575495646,7197.933965740958,,,134 15 128 134 29 33 15 103 82 170 99 15 46 37 135 167 61 58 95 94 113 162 160 168 142 131 5 83 99 107 145 41 142 114 26 4,1.4061193 1.1638517 1.3148655 1.0325888 1.2279878 0.73401481 1.4854355 0.93932456 0.9130764 0.80044454 0.88107789 1.1557209 0.69168431 0.81796378 0.65174836 0.66874254 1.3043729 0.96633768 1.0099634 1.2137914 0.99148577 0.57907152 0.5116691,,,,,,,3621eb26b949,cpu,cpu:x86_64,,,,runs/scaling/n12/task_bank.npz,"{""n_actions"": 180, ""name"": ""random""}"
random,128,59,777,777,59,0.12015168368816376,52.420480728149414,0.01881020014277763,0.021016981918364763,6710.719680184007,7166.209685237845,6711.206339467834,7166.6503935121,,,61 157 7 92 165 135 17 51 72 88 115 113 122 76 134 143 20 127 140 178 113 113 179 112 76 117 44 21 21 53 167 78 16 147 17 15,1.229672 1.4233952 1.4202019 0.89819586 0.74505758 1.2596847 1.4562131 1.3700927 1.233254 0.55805886 0.98629731 0.66162258 0.76314878 1.4219269 0.74616706 0.59031951 1.2064213 0.64458531 1.2958547 1.2159642 0.92238176 1.1643367 0.93928879,,,,,,,3621eb26b949,cpu,cpu:x86_64,,,,runs/scaling/n12/task_bank.npz,"{""n_actions"": 180, ""name"": ""random""}"
random,128,60,777,777,60,0.07637689262628555,49.701438903808594,0.019537779735401273,0.021580024622380733,7097.845551195658,7172.448182245716,7098.335641070864,7172.933237568941,,,55 161 60 33 97 72 12 126 110 159 49 93 67 74 110 76 127 97 94 44 175 117 140 161 178 18 152 39 75 69 142 123 31 146 166 77,1.3253219 0.72141004 0.8644492 0.62044871 1.2466217 0.76265681 0.6695798 1.2887489 0.61675388 0.68389481 0.64887792 0.93846911 1.2915874 0.97982311 0.58347428 0.511401 1.1223885 0.8304019 1.1570761 1.2611834 1.458225 0.65309191 0.92971843,,,,,,,3621eb26b949,cpu,cpu:x86_64,,,,runs/scaling/n12/task_bank.npz,"{""n_actions"": 180, ""name"": ""random""}"
random,128,61,777,777,61,0.13374677300453186,61.2347469329834,0.01922647546355923,0.020395760657265782,7110.943845822476,7189.84934251057,7111.434336250467,7190.333035949152,,,22 102 29 45 109 81 68 98 54 166 156 155 37 103 179 50 119 105 39 19 167 164 75 11 143 114 70 166 16 120 93 139 7 142 101 61,0.5680694 1.4599881 0.8699615 0.72976255 1.4373629 0.70598972 0.9123981 0.57385975 1.1809132 0.76715678 0.89485717 1.4781269 1.4094205 1.222219 1.4785814 1.3512104 0.82318074 1.4492489 0.99074686 1.3070921 0.89255708 1.1339843 0.67606801,,,,,,,3621eb26b949,cpu,cpu:x86_64,,,,runs/scaling/n12/task_bank.npz,"{""n_actions"": 180, ""name"": ""random""}"
random,128,62,777,777,62,0.08740933984518051,68.20105934143066,0.019165396224707365,0.020130479242652655,7101.731011278591,7164.874817972304,7102.22431678105,7165.37339653587,,,132 44 93 98 89 74 93 101 5 57 148 156 64 104 123 36 135 45 117 108 7 158 91 51 174 171 114 11 139 138 7 162 1 63 90 73,1.4347106 1.2454662 1.3732222 0.61526394 0.62323678 0.50554144 1.4138962 1.054553 0.61886489 1.3605901 1.4461658 0.84964949 1.356843 1.0057911 0.6816839 1.3570565 0.69461727 0.70976216 1.2724037 1.4220488 0.57742095 1.3997935 1.4961296,,,,,,,3621eb26b949,cpu,cpu:x86_64,,,,runs/scaling/n12/task_bank.npz,"{""n_actions"": 180, ""name"": ""random""}"
random,128,63,777,777,63,0.0434662289917469,70.76673126220703,0.0196029270429992,0.02488901372998953,7121.4298753636995,7193.852750555379,7121.923885304972,7194.344737712527,,,5 42 56 59 99 159 138 63 151 14 102 96 134 129 14 53 129 102 136 147 179 91 150 117 86 134 102 115 49 175 95 179 11 164 165 149,0.89174634 1.1474547 0.66650683 0.83747017 1.01959 1.0324733 0.78245211 1.2997626 0.74138844 0.87031031 0.6049822 1.3039825 1.1730223 1.3525193 0.71238673 1.1803418 1.370537 1.3069558 0.9911384 0.99655265 1.2919068 0.6151281 1.3265147,,,,,,,3621eb26b949,cpu,cpu:x86_64,,,,runs/scaling/n12/task_bank.npz,"{""n_actions"": 180, ""name"": ""random""}"
random,128,64,777,777,64,0.08675293624401093,47.77225112915039,0.019173826634262998,0.02034124918282032,7091.7560691369645,7168.634387984639,7092.250140956215,7169.13443573867,,,104 104 147 26 72 145 32 156 89 94 82 111 153 94 130 166 145 56 111 147 28 79 68 161 107 83 12 146 156 21 46 45 74 135 164 83,1.3703777 1.3830378 1.002712 1.2763438 1.162603 0.66241294 0.57145286 1.4659351 1.4070764 1.3513761 0.87946749 1.2654817 1.4423473 1.0595431 0.88336498 1.1313032 1.2848992 0.56771648 0.53755778 1.3118765 0.75612128 1.2607616 1.0773734,,,,,,,3621eb26b949,cpu,cpu:x86_64,,,,runs/scaling/n12/task_bank.npz,"{""n_actions"": 180, ""name"": ""random""}"
random,128,65,777,777,65,0.07048359513282776,65.53987503051758,0.01931130342806379,0.019990518921986222,7117.082744794769,7203.4104622434825,7117.5777925657,7203.90655202209,,,39 101 42 141 153 97 59 137 34 39 88 62 139 179 63 162 65 132 69 136 58 138 96 102 169 40 123 81 147 61 107 85 97 147 146 141,1.04567 1.0112231 0.50755721 0.65716088 1.404991 1.3935405 1.2735277 0.69468212 0.98680145 1.0462751 1.3761123 1.0150019 0.65850616 0.86081988 0.89047283 1.2814412 0.67940259 1.4446747 0.57849473 0.69202209 0.61023235 0.71070015 1.1624311,,,,,,,3621eb26b949,cpu,cpu:x86_64,,,,runs/scaling/n12/task_bank.npz,"{""n_actions"": 180, ""name"": ""random""}"
random,128,66,777,777,66,0.09838689118623734,61.04970169067383,0.01933311836587058,0.020310544641688466,7104.345201614908,7178.1449757982045,7104.837406413733,7178.63732171827,,,4 123 24 105 69 85 142 111 94 0 136 35 9 173 2 152 168 56 177 141 145 31 17 83 103 109 82 106 67 174 153 88 72 109 39 20,1.3638419 1.1063143 1.3377858 1.0458208 1.0167228 0.79871416 1.2606668 1.0994213 0.75635308 0.78464842 1.1049166 0.73296487 1.0967685 1.2986783 1.1878889 0.89896017 1.3624932 1.1348025 0.92283565 0.764157 0.69678837 0.76331842 1.0225058,,,,,,,3621eb26b949,cpu,cpu:x86_64,,,,runs/scaling/n12/task_bank.npz,"{""n_actions"": 180, ""name"": ""random""}"
random,128,67,777,777,67,0.1386204957962036,55.11880302429199,0.019354024617415335,0.020518986275419593,7107.873864206744,7183.243038743967,7108.367714073716,7183.725508803036,,,10 65 6 138 82 164 80 34 136 93 96 136 18 59 119 86 160 149 127 76 35 79 153 19 110 23 24 137 5 63 142 151 78 19 148 122,0.66675216 0.7066173 1.2544253 1.0214751 1.0263101 1.4638999 0.84659028 0.52084029 0.72223943 0.82808518 0.65774322 1.0389498 1.4927089 1.277601 1.3367629 1.1467991 0.94787794 1.100171 0.92317176 1.364457 1.4678726 0.90385294 0.74935883,,,,,,,3621eb26b949,cpu,cpu:x86_64,,,,runs/scaling/n12/task_bank.npz,"{""n_actions"": 180, ""name"": ""random""}"
random,128,68,777,777,68,0.06322071701288223,49.7326774597168,0.019615723027123347,0.02206870703957975,7095.103353876362,7173.5636350058485,7095.596444285346,7174.0567035158165,,,64 8 42 17 150 21 131 67 97 139 162 21 166 117 93 32 164 102 141 38 143 91 102 99 101 171 109 125 139 31 115 141 172 17 105 44,1.3466882 1.2529315 0.87741637 1.0410113 1.2955431 1.3384341 1.3633698 0.966833 1.3701001 0.83981687 0.97919786 1.0889657 0.68306875 0.66164082 0.75197172 0.96072167 1.4904324 1.2762454 0.62897021 0.78161579 0.8861804 0.61733615 1.0339383,,,,,,,3621eb26b949,cpu,cpu:x86_64,,,,runs/scaling/n12/task_bank.npz,"{""n_actions"": 180, ""name"": ""random""}"
random,128,69,777,777,69,0.13906235992908478,62.420907974243164,0.020066146842307515,0.026256544515490532,7101.985057149755,7179.911756422371,7102.481458038609,7180.397822754458,,,160 3 102 13 178 167 51 160 125 168 14 60 79 61 104 106 121 0 123 129 70 83 125 12 50 26 89 88 80 109 20 7 177 30 23 41,0.51473743 1.2687132 1.4169451 1.3137031 0.52009165 1.067629 1.2427925 0.74176133 0.58557481 0.79956305 0.59954894 1.3559597 1.0735627 0.72306532 0.77934468 1.1255236 0.76226735 1.498248 0.85101563 0.88634622 1.2240167 0.9025299 1.1859514,,,,,,,3621eb26b949,cpu,cpu:x86_64,,,,runs/scaling/n12/task_bank.npz,"{""n_actions"": 180, ""name"": ""random""}"
random,128,70,777,777,70,0.12354595959186554,55.20607376098633,0.019512197468429804,0.021771236788481474,6705.029171532563,7170.494153426262,6705.512040398187,7170.923442958156,,,179 156 118 0 160 10 87 64 150 97 150 147 53 158 71 117 117 35 95 95 17 161 38 38 104 172 2 39 32 118 43 139 27 110 132 40,0.55338192 1.3674217 1.141934 1.4862765 1.0173389 0.86550862 1.3289196 1.3443165 1.4552704 0.59719807 1.3150188 1.3981752 1.1551136 1.3742548 1.4554229 0.66327548 1.0518142 0.78328937 1.3654658 0.88337219 0.62115979 0.6499421 0.8875339,,,,,,,3621eb26b949,cpu,cpu:x86_64,,,,runs/scaling/n12/task_bank.npz,"{""n_actions"": 180, ""name"": ""random""}"
random,128,71,777,777,71,0.1094968244433403,63.66884422302246,0.020020495867356658,0.02145272446796298,7122.194677759479,7198.458542494336,7122.682908326776,7198.931486957008,,,11 124 58 17 18 48 138 144 116 133 6 39 92 64 139 3 24 21 155 83 53 177 6 69 123 155 59 52 155 120 58 29 117 140 134 31,0.80371761 1.4224033 1.1227113 0.54140079 0.65096754 0.9054296 1.2582684 0.70454198 1.3375213 1.2826564 0.71835601 0.81478822 1.2726582 0.82160538 1.4111631 1.2033901 1.0178998 0.69025749 0.89436024 0.74158549 1.1810585 1.4898102 1.0121922,,,,,,,3621eb26b949,cpu,cpu:x86_64,,,,runs/scaling/n12/task_bank.npz,"{""n_actions"": 180, ""name"": ""random""}"
random,128,72,777,777,72,0.09876738488674164,52.56583023071289,0.0191380030527297,0.02042626147158444,7149.6582303532505,7213.623837946216,7150.139969256189,7214.098702766933,,,170 107 3 1 164 108 15 97 114 129 29 58 101 118 139 75 123 60 114 120 78 75 9 162 163 19 7 70 45 143 53 65 109 69 44 66,0.90610892 1.3839246 0.56705457 1.2180455 1.0671481 0.79854178 0.91280878 1.0480133 1.2169138 0.6905399 0.77917475 1.4239467 1.0289882 1.2273221 1.4084575 0.75451171 0.9136824 0.84695071 1.3031467 1.3098812 1.3566098 1.4242175 1.4982047,,,,,,,3621eb26b949,cpu,cpu:x86_64,,,,runs/scaling/n12/task_bank.npz,"{""n_actions"": 180, ""name"": ""random""}"
random,128,73,777,777,73,0.0858168751001358,61.66975402832031,0.019764081419756014,0.02239472814835608,7166.738272046334,7236.463684006594,7167.218498261516,7236.935869324952,,,37 106 171 10 160 56 82 47 75 38 129 142 142 24 133 3 139 37 14 46 83 9 87 103 84 128 121 14 99 88 61 98 77 160 162 119,1.2348515 1.050216 0.99678421 0.85506392 0.68410522 0.7961573 1.0205792 0.67644215 1.4888028 1.4428933 0.95572275 1.4691379 0.98619056 0.58436698 1.1044213 0.7912904 0.73939174 1.3998549 1.1011398 0.95855045 0.84226018 0.80647284 0.77222252,,,,,,,3621eb26b949,cpu,cpu:x86_64,,,,runs/scaling/n12/task_bank.npz,"{""n_actions"": 180, ""name"": ""random""}"
random,128,74,777,777,74,0.09739060699939728,46.34438705444336,0.019433756177831028,0.020714011043310165,7127.837085857108,7216.006895701867,7128.323032721204,7216.488694277359,,,43 15 155 29 117 100 75 149 47 25 165 50 56 53 54 100 92 125 101 10 41 136 140 132 50 16 60 129 90 86 173 46 0 65 71 19,1.3914944 0.67911923 0.96173042 1.3565484 1.451156 0.58617026 1.4819664 0.80726999 0.55662197 0.59826249 0.87713414 0.98823273 1.1039805 0.91254514 1.2236433 1.3685026 0.96646404 0.57348388 1.2697765 1.0365264 0.50551367 1.2403212 0.69763261,,,,,,,3621eb26b949,cpu,cpu:x86_64,,,,runs/scaling/n12/task_bank.npz,"{""n_actions"": 180, ""name"": ""random""}"
random,128,75,777,777,75,0.11737941950559616,58.228471755981445,0.01927342317584488,0.02063895226456225,7125.65551532316,7201.754609734053,7126.137672047156,7202.23383125267,,,103 2 91 153 66 144 4 26 112 27 27 55 38 178 31 20 117 83 46 122 24 150 88 160 172 27 42 135 32 87 16 145 47 66 140 99,0.91668236 1.1059768 0.76986641 0.67279208 1.3661114 0.934066 0.67647964 1.3149227 0.93002403 0.78063512 0.99794567 1.3150401 0.69630814 0.77171165 0.75257027 1.4415387 0.54228854 1.1527932 1.4105632 0.55496818 1.3066386 1.160916 1.1337373,,,,,,,3621eb26b949,cpu,cpu:x86_64,,,,runs/scaling/n12/task_bank.npz,"{""n_actions"": 180, ""name"": ""random""}"
random,128,76,777,777,76,0.08524348586797714,42.666988372802734,0.019234951145740017,0.021833839127793908,6739.252982829284,7199.88310727058,6739.73746365583,7200.380059482995,,,93 138 179 124 151 100 124 141 4 48 3 133 68 117 116 7 34 115 84 47 148 2 2 7 113 149 37 148 51 47 73 171 100 31 115 17,1.3178982 0.9466573 1.0353864 1.3049155 1.4618076 1.121713 0.96793324 1.3547074 1.3754656 1.2817168 1.4248847 1.3496178 0.84431201 1.0325879 1.0532713 0.53470784 0.92342448 1.4421505 0.60895294 1.4246954 0.9984715 0.59340495 1.3550576,,,,,,,3621eb26b949,cpu,cpu:x86_64,,,,runs/scaling/n12/task_bank.npz,"{""n_actions"": 180, ""name"": ""random""}"
random,128,77,777,777,77,0.17330320179462433,61.43681716918945,0.01980039653264814,0.020593026420101523,7124.281593847425,7197.840201260988,7124.7730038271075,7198.330287530553,,,4 22 145 147 41 43 11 120 54 53 157 117 131 178 9 89 178 116 114 118 118 168 77 126 94 160 0 38 65 120 127 104 104 136 41 97,1.4122516 1.0979322 1.4495631 1.2013587 0.55411142 0.64142501 1.0338371 1.4242195 0.66193664 0.90552944 1.4775355 1.155892 1.3599813 0.80880088 0.94971436 1.1696968 0.6408003 0.92767239 1.2882736 0.50336438 0.66819429 0.5484398 0.5735994,,,,,,,3621eb26b949,cpu,cpu:x86_64,,,,runs/scaling/n12/task_bank.npz,"{""n_actions"": 180, ""name"": ""random""}"
random,128,78,777,777,78,0.06311637908220291,50.949968338012695,0.019653441591395274,0.02090001362375915,7134.62415787055,7206.569238973316,7135.10992655453,7207.046787254512,,,157 61 118 37 99 49 4 44 75 81 27 53 39 116 110 75 135 81 33 106 11 166 78 24 92 14 80 133 77 43 156 111 55 100 3 146,0.68337953 1.3232013 0.7673254 0.50958455 1.3925984 0.91682535 1.4401028 0.76579791 1.3232683 1.1192124 1.1718652 0.60273015 1.0502946 0.94610107 1.4858569 0.76167488 1.1465666 1.4532598 1.1819961 1.0910015 1.1414176 0.86535215 0.67394799,,,,,,,3621eb26b949,cpu,cpu:x86_64,,,,runs/scaling/n12/task_bank.npz,"{""n_actions"": 180, ""name"": ""random""}"
random,128,79,777,777,79,0.07006088644266129,46.32381057739258,0.019777533856944904,0.021279993234202266,7128.756787146105,7189.713725965703,7129.240869085253,7190.197116724448,,,178 105 91 96 23 37 27 12 138 158 64 137 83 32 68 18 169 101 109 38 163 117 122 150 96 175 53 47 136 167 107 34 115 46 8 41,1.4078907 1.1763543 0.64473188 0.79113877 0.87058109 1.3725916 1.2450804 0.58735234 0.74263877 0.80935425 1.2241144 1.2164314 0.66079122 0.69801015 1.2785971 0.94379807 0.91854751 1.1497443 0.86751777 1.076318 1.3972024 1.0337085 1.1936241,,,,,,,3621eb26b949,cpu,cpu:x86_64,,,,runs/scaling/n12/task_bank.npz,"{""n_actions"": 180, ""name"": ""random""}"
random,128,80,777,777,80,0.08870626240968704,54.70553207397461,0.01901324786659744,0.020801497157663107,6920.335532777244,7193.140975723509,6920.821313358222,7193.62333722529,,,62 122 7 31 55 37 101 40 83 118 108 155 59 59 99 103 153 165 176 153 135 59 88 105 58 87 150 82 92 131 68 80 11 100 143 33,0.50164133 1.2075599 1.3903071 1.0603381 0.92665422 1.2719494 0.99653101 0.52321148 0.79767877 1.1006131 1.4063282 0.92421263 0.71288419 0.93787962 0.9761762 0.67953527 1.2042551 0.54554194 0.5857296 1.2055129 0.97266257 1.096321 1.0669366,,,,,,,3621eb26b949,cpu,cpu:x86_64,,,,runs/scaling/n12/task_bank.npz,"{""n_actions"": 180, ""name"": ""random""}"
random,128,81,777,777,81,0.06665077060461044,47.00010299682617,0.02142253086074359,0.027910020435228944,7198.463475716481,7412.404965230962,7198.988493451098,7413.001775013981,,,144 77 36 34 147 50 172 163 69 3 151 143 82 69 125 37 28 94 146 99 6 150 55 116 14 136 123 18 30 0 44 171 26 59 175 94,1.4235551 1.3064393 1.254956 1.1204244 1.0493108 1.1199232 1.094294 0.89456218 0.72381717 1.1127307 1.0103561 1.4668803 0.76360226 0.76351917 1.15706 0.72275752 1.2868733 1.1629275 0.73457724 0.66821545 1.3110439 1.447673 0.71233237,,,,,,,3621eb26b949,cpu,cpu:x86_64,,,,runs/scaling/n12/task_bank.npz,"{""n_actions"": 180, ""name"": ""random""}"
random,128,82,777,777,82,0.06255088001489639,62.90658950805664,0.024130619648430083,0.032240524888038635,7314.045995101979,7494.46438945597,7314.619351585861,7495.124226814369,,,30 12 178 130 26 121 163 163 69 78 121 137 102 18 171 11 71 143 124 83 24 156 57 110 16 178 56 65 169 173 58 166 69 12 51 114,1.4576066 0.93559712 0.99427855 1.4244634 0.97096628 1.1639637 1.0721638 1.3922572 0.85766888 1.4506375 0.68491089 1.0651069 0.79215646 1.1384577 0.82248062 1.2419199 0.98950809 0.69390339 1.0047399 1.1268859 1.2419057 1.0285957 1.4384936,,,,,,,3621eb26b949,cpu,cpu:x86_64,,,,runs/scaling/n12/task_bank.npz,"{""n_actions"": 180, ""name"": ""random""}"
random,128,83,777,777,83,0.08244084566831589,57.99183464050293,0.024214952847816877,0.032024981919676065,7306.577895774454,7468.9974779612385,7307.151813758537,7469.674380205106,,,82 121 13 16 95 91 38 68 56 90 112 35 18 49 165 71 37 37 167 39 52 124 32 172 20 74 53 141 42 133 59 114 159 97 73 170,0.5153262 1.1341195 1.3722866 1.1914458 1.4869831 1.4344622 1.1714473 0.8753264 1.2314727 1.1427608 1.0500767 1.3246222 0.55710185 0.69859469 0.60306811 0.8342371 1.0586191 0.9113481 0.81463242 0.7395032 1.230683 1.2802812 0.66063398,,,,,,,3621eb26b949,cpu,cpu:x86_64,,,,runs/scaling/n12/task_bank.npz,"{""n_actions"": 180, ""name"": ""random""}"
random,128,84,777,777,84,0.08977800607681274,51.63646697998047,0.025528214690792892,0.041615712689235806,7294.027795717638,7463.575288682478,7294.6103834902815,7464.30947445333,,,69 175 123 77 15 124 116 104 97 177 30 132 74 127 172 27 75 30 133 107 48 59 73 50 125 90 66 163 179 172 3 64 9 3 88 62,0.73831558 0.63904756 0.55942762 0.63611192 1.4988034 0.95148128 1.398701 1.2291665 0.61711425 0.89927715 0.7359935 0.72338122 1.1137943 0.92770898 0.61635721 0.89936656 1.1109374 1.1758449 0.69892031 1.0189297 0.73946911 1.0450634 1.0167246,,,,,,,3621eb26b949,cpu,cpu:x86_64,,,,runs/scaling/n12/task_bank.npz,"{""n_actions"": 180, ""name"": ""random""}"
random,128,85,777,777,85,0.1003120020031929,71.33536338806152,0.02399291002398564,0.03190230927430093,7273.234257600659,7445.19201896037,7273.797461051598,7445.855831261724,,,16 165 140 57 24 141 91 69 46 2 96 158 117 107 122 148 41 30 110 51 22 55 53 31 109 53 135 49 109 115 169 136 38 163 167 74,1.0462883 0.57921571 0.94484746 0.71643174 0.79294801 1.1196243 0.71228188 0.52844375 1.2038608 0.96376175 1.2778395 0.70166194 1.2423749 0.54807025 0.98986751 1.4639152 1.4608909 0.68438244 0.65377766 0.9237594 1.4477745 1.4858792 1.2144428,,,,,,,3621eb26b949,cpu,cpu:x86_64,,,,runs/scaling/n12/task_bank.npz,"{""n_actions"": 180, ""name"": ""random""}"
random,128,86,777,777,86,0.1093127429485321,48.38835525512695,0.024827197194099426,0.03344303695484996,7070.687380907151,7443.883893196471,7071.2516095954925,7444.763414969202,,,66 157 32 169 87 152 65 33 10 152 119 17 72 20 82 69 10 97 158 103 141 119 110 149 6 163 53 164 80 174 145 23 79 36 119 34,1.0578842 0.97686046 0.52099943 1.0924215 1.3190464 1.1127684 0.84514397 0.76698506 1.2599777 0.95466399 0.6128673 1.0127959 1.1678469 0.69866288 0.54085088 1.3544614 0.67827737 1.363816 1.2639725 0.59047073 1.282257 1.3147981 0.8390227,,,,,,,3621eb26b949,cpu,cpu:x86_64,,,,runs/scaling/n12/task_bank.npz,"{""n_actions"": 180, ""name"": ""random""}"
random,128,87,777,777,87,0.12876351177692413,45.22590637207031,0.024300993471923802,0.03387598553672433,7282.866416954978,7424.27156525082,7283.433601790522,7424.855261779157,,,2 160 17 91 7 47 28 149 37 178 147 129 21 96 151 102 163 7 142 47 169 131 17 146 80 124 75 109 111 101 162 170 103 158 55 106,1.2472924 0.81801295 1.0670649 1.1896594 1.4423066 0.82536846 0.88609362 0.54998326 0.51318628 0.5842464 1.2938277 1.2651533 0.52715576 0.62036002 1.0894728 1.0669763 1.3612376 0.66367835 1.059121 1.1252151 0.636006 0.84608191 0.84898263,,,,,,,3621eb26b949,cpu,cpu:x86_64,,,,runs/scaling/n12/task_bank.npz,"{""n_actions"": 180, ""name"": ""random""}"
random,128,88,777,777,88,0.115056112408638,50.68958854675293,0.0249461122115867,0.03251645830459893,7285.728591659184,7429.990730772261,7286.298116387722,7430.53647474153,,,131 3 13 84 154 14 16 129 166 71 114 177 106 72 60 88 60 125 56 159 26 124 11 21 98 98 67 23 46 141 8 73 13 15 65 112,0.54231602 0.6773988 1.4234577 0.76581979 0.97294867 1.2853986 0.51774716 1.3112724 0.94697583 1.1466302 0.74506062 1.1199149 1.1681194 0.51383781 0.71257699 0.5922296 0.76428872 0.81955713 1.3355361 0.84932965 1.1474712 0.99043077 0.51305652,,,,,,,3621eb26b949,cpu,cpu:x86_64,,,,runs/scaling/n12/task_bank.npz,"{""n_actions"": 180, ""name"": ""random""}"
random,128,89,777,777,89,0.12972335517406464,46.28314018249512,0.02637384265350799,0.03873032983392477,7292.844324789864,7413.785972021287,7293.429610422916,7414.59794077673,,,156 31 48 68 82 79 146 66 124 157 173 96 31 10 89 144 114 85 55 95 131 108 160 112 146 40 132 128 158 112 52 80 16 153 141 122,0.69050115 0.8124243 1.0141256 0.62298059 0.82033002 0.6311937 1.1080459 1.1182815 0.54055583 0.79048759 1.2667242 0.90218908 0.56991494 0.77327996 1.4351385 1.1921592 1.2793202 0.70760703 0.67139578 0.86626828 1.1804782 1.322543 1.4813949,,,,,,,3621eb26b949,cpu,cpu:x86_64,,,,runs/scaling/n12/task_bank.npz,"{""n_actions"": 180, ""name"": ""random""}"
random,128,90,777,777,90,0.18904469907283783,58.60796356201172,0.02431928684624533,0.032643554732203484,7279.473523489691,7444.448826252483,7280.044393361702,7445.062259706901,,,86 42 22 86 164 168 39 63 88 163 177 162 73 28 34 30 120 131 42 160 1 54 20 53 27 139 21 84 93 135 91 80 28 71 149 52,0.74672318 0.57390636 0.72657257 1.2543918 1.1275806 0.94122398 1.2047533 1.0163771 0.60289377 0.55629778 1.0892022 1.2822744 1.0029424 0.58336836 1.0562242 0.81144267 1.1005814 1.1614566 1.2506275 1.2553557 0.61596191 1.277437 0.71779722,,,,,,,3621eb26b949,cpu,cpu:x86_64,,,,runs/scaling/n12/task_bank.npz,"{""n_actions"": 180, ""name"": ""random""}"
random,128,91,777,777,91,0.07173055410385132,52.78405952453613,0.025849951068974204,0.03927378566004336,7253.948039058338,7418.359971808968,7254.546928086913,7419.158300297568,,,168 168 72 146 31 84 104 85 91 47 132 167 10 98 63 165 178 94 140 93 150 79 137 108 4 28 127 95 113 148 60 50 79 6 151 43,1.300849 1.3470309 1.363642 1.2761199 1.3719969 0.84001166 0.9652276 1.0551897 0.66422576 1.37925 1.1987635 1.3351306 0.82779396 1.1724747 0.90674734 1.3281621 0.72880876 1.1850643 0.5343731 1.361308 1.0021445 1.1502926 1.4650887,,,,,,,3621eb26b949,cpu,cpu:x86_64,,,,runs/scaling/n12/task_bank.npz,"{""n_actions"": 180, ""name"": ""random""}"
random,128,92,777,777,92,0.039914581924676895,51.31854820251465,0.02556396712962952,0.03406923497095704,7257.317860552575,7375.20775446319,7257.908764618656,7375.755381741328,,,115 124 159 90 107 63 11 37 7 53 42 153 147 143 13 129 164 1 169 141 154 120 96 70 25 98 177 51 119 94 60 9 2 131 164 177,1.0487179 0.57012266 0.92069399 1.1724876 0.73820359 0.86534882 1.1137637 1.4684999 0.68278974 0.91591769 0.50055939 1.2598289 0.85464019 1.0136745 0.77102232 0.74177217 0.58865768 1.1708442 0.85986954 1.0555112 1.0274093 1.0378058 0.93435341,,,,,,,3621eb26b949,cpu,cpu:x86_64,,,,runs/scaling/n12/task_bank.npz,"{""n_actions"": 180, ""name"": ""random""}"
random,128,93,777,777,93,0.0682910680770874,50.81146430969238,0.0241773280625542,0.03283700789324939,7052.544327934609,7433.06969749392,7053.112831500282,7433.659327449277,,,53 151 3 176 128 148 117 101 86 138 61 149 77 117 111 59 162 176 49 137 34 83 107 19 20 19 175 150 141 150 60 156 17 77 34 70,0.92146188 0.66916251 1.2126904 1.1265303 0.5407415 1.3398998 0.63821757 1.4756128 1.1860547 1.1668218 1.1085001 0.84903902 1.4476569 0.99391651 1.085351 0.5230118 1.3165894 1.1203308 0.57479942 0.68359542 1.0354137 1.4439313 1.3782883,,,,,,,3621eb26b949,cpu,cpu:x86_64,,,,runs/scaling/n12/task_bank.npz,"{""n_actions"": 180, ""name"": ""random""}"
random,128,94,777,777,94,0.12549902498722076,44.9774284362793,0.024189551671346027,0.029833463486284018,7231.301270758397,7383.123182225972,7231.867094145855,7383.823547512293,,,119 129 30 170 172 176 147 175 71 145 115 141 151 38 151 59 73 89 56 2 173 146 53 87 127 142 173 82 132 167 31 133 2 61 148 1,0.74415326 0.77651113 1.2899324 1.1775471 0.98196363 1.3464109 0.95874113 1.4167414 1.0703453 1.1687872 0.58834696 0.54151487 1.421152 1.065466 0.94414639 1.3736978 0.58815336 1.231413 0.67722797 1.0236207 1.1387522 0.86714101 1.3291665,,,,,,,3621eb26b949,cpu,cpu:x86_64,,,,runs/scaling/n12/task_bank.npz,"{""n_actions"": 180, ""name"": ""random""}"
random,128,95,777,777,95,0.07840617001056671,50.334299087524414,0.026463349867198203,0.03794149961322546,7272.21676283322,7405.698141170433,7272.80482746816,7406.284835451515,,,63 170 75 70 39 84 175 105 11 0 136 86 34 168 154 131 95 107 46 47 17 34 9 3 67 17 98 96 23 129 16 164 20 7 175 85,1.2454402 0.68623203 1.0723599 1.4473362 0.58441639 0.71059126 1.4324042 0.82594895 1.023513 1.4039124 1.4354473 0.83589756 1.1583838 1.4650296 1.0840484 1.037679 0.90481079 1.269017 1.4521855 1.158278 1.0309043 0.70003188 0.91666406,,,,,,,3621eb26b949,cpu,cpu:x86_64,,,,runs/scaling/n12/task_bank.npz,"{""n_actions"": 180, ""name"": ""random""}"
random,128,96,777,777,96,0.09830989688634872,51.029380798339844,0.027394840597278543,0.046380097046494484,7306.468449688206,7463.35115400143,7307.083085628821,7463.9621680253185,,,131 122 98 31 51 53 159 150 104 97 123 173 70 87 20 175 115 130 98 46 31 62 159 27 124 21 152 5 63 159 94 55 7 179 151 9,1.232574 0.96161473 1.0997664 0.73008019 1.1372063 0.52408093 1.3726693 1.0141307 1.2540865 0.7863822 0.99417174 0.81239927 1.0847543 1.1521994 1.436581 1.3748451 1.0543635 1.0989692 0.56601888 1.224527 1.4899732 0.7881009 1.1540599,,,,,,,3621eb26b949,cpu,cpu:x86_64,,,,runs/scaling/n12/task_bank.npz,"{""n_actions"": 180, ""name"": ""random""}"
random,128,97,777,777,97,0.06585690379142761,51.73187255859375,0.023860901516551774,0.030507741030305624,7254.607377273108,7382.904409780167,7255.16664541404,7383.492938941345,,,166 76 45 41 139 53 100 157 57 125 71 110 35 139 152 140 7 163 75 94 25 56 70 38 145 3 135 140 165 161 22 104 52 174 3 130,1.1330663 0.92627305 1.2970239 1.2077794 1.494105 1.1293503 1.126093 1.1512871 0.6212666 0.79477507 0.93670356 0.51151979 1.0285157 0.60946798 0.54117793 1.3290846 0.71338344 1.460991 1.104032 1.3503971 0.85711873 1.3867384 0.64465117,,,,,,,3621eb26b949,cpu,cpu:x86_64,,,,runs/scaling/n12/task_bank.npz,"{""n_actions"": 180, ""name"": ""random""}"
random,128,98,777,777,98,0.0707373395562172,68.70710754394531,0.02423561009992328,0.031320989364758134,7077.373001779455,7437.322613695869,7077.926003733107,7437.912362220231,,,12 135 133 99 68 147 79 106 144 49 4 48 55 162 33 69 71 175 33 22 24 164 83 14 167 126 171 73 40 64 135 61 179 129 55 117,1.3172747 0.58792013 1.396713 0.68498516 0.90399939 1.2053363 1.3840582 1.0172352 0.91600686 0.92543453 1.0401661 0.74264473 1.4590352 0.85827118 0.94216019 0.7924788 1.2434795 1.3050971 0.73960793 1.1379493 0.55307394 1.1532066 0.50233775,,,,,,,3621eb26b949,cpu,cpu:x86_64,,,,runs/scaling/n12/task_bank.npz,"{""n_actions"": 180, ""name"": ""random""}"
random,128,99,777,777,99,0.13243737816810608,57.51087951660156,0.02548089509622918,0.040220998926088214,7246.269578802942,7399.501311942004,7246.857373777958,7400.219494913472,,,43 101 160 86 59 90 23 28 165 59 103 37 101 112 38 25 160 117 85 170 7 71 85 111 53 132 102 93 22 118 163 34 55 57 104 27,0.7493276 1.1528977 1.3973401 0.60461545 0.71903181 0.88704771 1.1869663 1.3155502 0.93304551 1.0707144 0.75229579 0.93251568 0.78711325 0.65872753 1.2877338 0.64113349 0.82248819 1.0976987 1.0939368 1.2356983 0.91340548 0.53515345 1.3248445,,,,,,,3621eb26b949,cpu,cpu:x86_64,,,,runs/scaling/n12/task_bank.npz,"{""n_actions"": 180, ""name"": ""random""}"
